agent,
information,
sociologist,
buyer,
warden,
trainer,
attorney,
procurement,
account,
electrician,
conservation,
loaders,
contracts,
vp,
hearing,
cartographer,
licensed,
penalty,
graduate,
accident,
billing,
certified,
general,
radiation,
funeral,
tracking,
city,
bill,
credit,
media,
operators,
workers,
mapping,
conductor,
acquisition,
calendar,
barber,
specialists,
actuary,
functional,
material,
oversight,
samplers,
rental,
e-discovery,
mining,
to,
enviromental,
education,
qa,
coordinator,
waiter,
plumber's,
religious,bolter,
analysis,
animal,
biological,
assistant,
preparer,
physician,
hro,
chemists,
processor,
heat,
pile-driver,
scientist
scientist,
wireless,
forester,
stormwater,
deductions,
archivist,
vehicle,
gis,
budget,
concierge,
kiln,
optician,
architectural,
personal,
lifeguard,
facilities,
it,
chef,
onboarding,
producer,
learning,
advertising,
outreach,
appliance,
liaison,
engineering,
driller,
control,
pathology,
level,
green,
grinder,
environmental,
case,
logistics,
investigative,
recreational,
worker,
configuration,
project,
chief,
artist,
translator,
emergency,
clergy,
bookbinder,
wage,
teacher,
keyer,
publisher,
word,
telephony,
sharepoint,
evaluation,
outbreak,
butcher,
climber,
alarm,
laying,
janitorial,
housekeeping,
staff,
investment,
force,
for,
dishwasher,
telecommunications,
operations,
network,
physician,
agent,
typist,
etl,
eligibility,
diesel,
hunter,
baker,
car,
collector,
implementation,
-,
technologist,
park,
hazardous,
insulation,
waterfront,
judge,
computer,
process,
presser,
triage,
underwriting,
convention,
organizational,
end,
community,
other,
repairer,
prosecutor,
access,
automotive,
geological,
distribution,
refuse,
interpreter,
door-to-door,
commodities,
diagnosing,
auditor,
policy,
claims,
use,
millwright,
plumbing,
estate,
housing,
captain,
crm,
planning,
z/os,
general,
physical,
statistician,
control,
sheriff's,
logging,
system,
monitoring,
edge,
legal,
representative,
glazier,
economist,
back,
web,
affairs,pruner,
meter,
monitor,
solution,
safe,
incident,
roof,
stucco,
counsel,
rezoning,
consent,
custodial,
call,
performance,
occupational,
purchasing,
audit,
programmer,
hardware,
elementary,
instructor,
security,
process,
employee,
taxi,
solution,
scientist,
real,
initiatives,
library,
hostler,
agency,
clerical,
training,
conflict,
operator,
strategic,
molder,
developer,
heating,
ship,
generalist,
recyclable,
fellow,
equipment,
investigative,
rights,
storage,
recruiting,
preparation,
pathologist,
industry,
sewers,
steamfitter,
juvenile,
mathematician,
nutritionist,
psychologist,
supervising,
outside,
biomedical,
reform,
desk,
claim,
recruitment,
sales,
criminal,
baggage,
curator,
clerk,
stationary,
business,
geoscientist,
executive,
ip,
pharmacist,
line,
estimator,
sewer,
correctional,
water,
fence,
warning,
technicians,
order,
head,
channel,
supervisor,
triage,
watershed,
derricks,
access,
operating,
hairdresser,
bartender,
carpenter,
officer,
gardener,
identity,
community,
reader,
production,
extraction,
aircraft,
author,
webform,
mainframe,
third,
securities,
infrastructure,
grant,
content,
lease,
bookkeeper,
dynamic,
file,
estimating,
diversity,
design,
management,
work,
sign,
woodworker,
technology,
lead,
promoter,
quality,
nurse,
research,
porter,
childhood,
rail-track,
records,
plan,
air,
surveyor,
workforce,
receivables/payables,
explosives,
cadd,
hiring,
servicer,
telephone,
college,
dentist,
field/desktop,
crm,
open,
principle,
intelligence,
oilermate,
attendant,
in,
tender,
adjuster,
help,
restitution,
surveillance,
duty,
dam,
paramedic,
ombudsperson,
graphic,
worker,
communications,
logistician,
waterfront,
mobile,
policy,
accountant,
pipefitter,
charge,
construction,
audit,
power,
facilitator,
resiliency,
coach,
accessibility,
homeowner,
salesperson,
technician,
ordered,
sr.,
pilot,
distributor,
low,
news,
sound,
security,
secondary,
placement,
marine,
logistics,
vendor,
unix,
doctor,
professional,
bailiff,
trauma-informed,
etl,gis,
care,
home,
foster,
demonstrator,
lodging,
practitioner,
collections,
integration,
helpdesk,
special,
liaison,
auto,
application,
vocational,
maintenance,
event,
front,
travel,
sewer,
plan,
editorial,
seasonal,
specialist,
communication,
teacher,
trainee,
boilermaker,
facility,
actor,
pollution,
sql/oracle,
forester,
postsecondary,
group,
interagency,
crossing,
sorter,
public,
law,
locksmith,
accounting,
development,
cybersecurity,
natural,
reporting,
probation,
justice,
relationship,
ambassador,
breeder,
superintendent,
furniture,
teller,
welder,
development,
quality,
mechanic,
bus,
justice,
sailor,
unit,
design,
painter,
advocate,
server,
driver,
exchange,
warehouse,
financial,
upholsterer,
resident,
receptionist,
purchasing,
evaluator,
head,
expense,
client,
trial,
suppression,
paperhanger,
plasterer,
expert,
vision,
stock,
therapist,
owner,
fleet,
middle,
hr,
case,
coach,
medicolegal,
musician,
singer,
weigher,
enforcement,
burner,
procedural,
ordnance,
janitor,
rancher,
power-line,trainer,
sewing,
food,
unit,
detectives,
advisor,
heavy,
broadcast,
pipelayer,
roustabout,
umpire,
bridge,
valve,
integrity,
aerospace,
intervention,
relations,
technical,
elevator,
surgeon,
custodian,
product,
greeter,
x-ray,
resource,
massage,
radio,
agency,
underwriter,
assurance,
examiner,
assessor,
apparel,
cranes,
postal,
mail,
special,
science,
speech-language,
assembler,
officers,
switchboard,
reliability,
petroleum,
boat,
customer,
staff,
assurance,
java,
budget,
loan,
medicolegal,
infrastructure,
caster,
tank,
motor,
operations,
labor,
response,
hairstylist,
metrics,
writer,
production,
sr.,
cook,
desk,
scanning,
child,
school,
drafter,
transit,
it,
bartender,
safety,
sales,
inspector,
detective,
contracting,
investigator,
manager,
remote,
specialistcrm,
portfolio,
data,
space,
computer,
designer,
landscape,
inspector,
grader,
asset,
cashier,
installer,
maid,
brickmason,
secretary,
diver,
section,
veterinarian,
incentives,
private,
housing,
transportation,
packager,
peoplesoft,
research,
relations,
division,
intergovernmental,
linux,
enforcement,
physicist,
dispatcher,
regulatory,
maintainer,
furniture,
ios,
researcher,
reinforcing,
meeting,
nursing,
communications,
caretaker,
database,
task,
commander,
bellhop,
family,
contract,
curriculum,
capacity,
market,
energy,
content,
asset,
rebar,
fingerprint,
contract,
press,
posting,
chauffeur,
fisher,
director,
instrumentation,
parking,
acquisition,
guide,
exercise,
junior,
associate,
senior,
estate,
paralegal,
waitress,
astronomer,
news,
resources,
rackets,
nuclear,
building,
assessment,
marketing,
photographer,
health,
aide,
civilian,
regional,
guard,
desktop,
device,
septic,
qa,
mediation,
legislator,
ranch,
HVAC,
timekeeper,
editor,
affairs,
laborer,
examiner,
examining,
human,
ceiling,
operator,
mechanics,
taper,
advocate,
materials,
letterer,
kindergarten,
steel,
bid,
insurance,
transportation,
telemarketer,
counselor,
practices,
avionics,
principal,
truck,
mechanical,
naval,
bi,
escalation,
gaming,
administrator,
spending,
oil,
property,
preplacement,
street,
facility,
vessel,
advisor,
announcer,
moving,
metal,
tech,
appraiser,
communication,
residential,
tool,
patrol,
engineering,
respiratory,
processing,
photogrammetrist,
title,
fiscal,
assistance,
cement,
earth,
sergeant,
conveyor,
host,
neigborhood,
prepress,
epidemiologist,
jeweler,
cultural,
agricultural,
sciences,
lot,
museum,
messenger,
payroll,
party,
railroad,
dispute,
tort,
internal,
testing,
emergency,
dressmaker,
microbiologist,
controls,
industrial,
cafeteria,
deckhand,
permit,
lobby,
commercial,
pipe,
capital,
personnel,
energy,
business,
partnership,
investigator,
talent,
navigator,
health,
farmer,
pest,
parks,
initiatives,
buyer,
constituent,
treating,
resolution,
field,
trapper,
cosmetologist,
engineer,
server,
ticket,
broker,
credit,
urban,
hygienist,
architect,
chemical,
strategic,
packer,
game,
consultant,
therapist,
engraver,
tax,
visitor,
resiliency,
equity,
promotions,
cloud,
iron,
reviewer,
virtual,
environmental,
tailor,
carrier,
reporter,
leather,
e-learning,
procurement,
admin,
cost,
apprentice,
payment,
placement,
entertainer,
wellness,
repair,
registered,
locomotive,
policeman,
rigger,
crime,
technology,
drywall,
resources,
administration,
yardmaster,
noise,
fire,
accountable,
student,
scientists,
laboratory,
timekeeping,
mobile,
sanitation,
windows,
construction,
personnel,
etchers,
dietitian,
electronics,
optometrist,
social,
adviser,
erector,
architect,
portal,
threat,
outreach,
highway,
highways,
temporary,
financial,
parts,
management,
deputy,
hostess,
pumping,
entry,
director,
finisher,
care,
performer,
revenue,
legal,
grounds,
preschool,
electrical,
application,
atmospheric,
tour,
on-line,
recreation,
filler,
screening,
brokerage,
chemical,
fitness,
mortgage,
improvement,
training,
risk,
pressure,
detailing,
courier,
machinist,
patrol,
reporting,
review,
statistical,
cleaner,
mailroom,
boiler,
standards,
safety,
helper,
fish,
cashier,
intern,
derrick,
groundskeeper,
patternmaker,
nutrition,
program,
clinical,
software,
confidential,
freight,
measurer,
contracts,
blake,
civil,
podiatrist,
shuttle,
regional,
police,
authorizer,
office,
plant,
stonemason,
choreographer,
architecture,
subsidy,
branch,
jailer,
intergroup,
optical,
testifier/searcher,
geologist,
engineer,
roofer,
usher,
searcher,
junior,
support,
order,
unix/linux,
official,
load,
benefits,
retail,
mental,
court,
solar,
economic,
handling,
dental,
thermostat,
machine,
taker,
statistical,
product,
systems,
criminalist,
sheet,
support,
dancer,
cabinetmaker,
lead,
fighter,
administrator,
interviewer,
mason,
scientist,
blockmason,
plumber,
officer,
removal,
engine,
nurse,
space,
audiologist,
farm,
team,
camera,
leader,
senior,
forensic,
compliance,
structural,
solutions,
commissioner,
intake,
dba,
evaluation,
librarian,
compliance,
assistant,
licensing,
groundskeeping,
planner,
data,
center,
analyst,
paralegal,
survey,
member,
welfare,
cargo,
resolutions,
medical,
administrative,
magistrate,
postmaster,
chiropractor